namespace,method,current_data_policy
dashboard,getStats,local-first-read-through-sync
units,getDashboardUnits,cloud-only
units,listAdminUnits,cloud-only
units,listAdminMembers,cloud-only
units,listAdminActivity,cloud-only
units,createAdminUnit,cloud-only
units,updateAdminUnit,cloud-only
units,updateMemberAssignments,cloud-only
units,updateMemberRole,cloud-only
access,getPlanAccess,cloud-only
access,getFinanceAccess,cloud-only
onboarding,getChecklist,cloud-only
sessions,revoke,cloud-only
finance,getOverview,cloud-only
finance,listDocuments,cloud-only
finance,getDocument,cloud-only
finance,updateDocument,cloud-only
finance,issueDocument,cloud-only
finance,voidDocument,cloud-only
finance,listEligibleJobs,cloud-only
finance,createDocument,cloud-only
finance,listContracts,cloud-only
finance,getContract,cloud-only
finance,createContract,cloud-only
finance,activateContract,cloud-only
finance,cancelContract,cloud-only
finance,listReceipts,cloud-only
finance,receiveInstallment,cloud-only
finance,listErpExports,cloud-only
finance,exportErpDocument,cloud-only
finance,listBillingReadiness,cloud-only
finance,sendBillingReadiness,cloud-only
finance,getServiceOrderStatus,cloud-only
finance,getCustomerTimeline,cloud-only
finance,getCertificateRelease,cloud-only
finance,releaseCertificateByException,cloud-only
finance,listCertificateReleasePolicies,cloud-only
finance,createCertificateReleasePolicy,cloud-only
finance,updateCertificateReleasePolicy,cloud-only
finance,listAutomaticSendRules,cloud-only
finance,createAutomaticSendRule,cloud-only
finance,updateAutomaticSendRule,cloud-only
finance,getOperationsToCash,cloud-only
finance,getRevenueLeakage,cloud-only
finance,getCashForecast,cloud-only
finance,getMarginDashboards,cloud-only
billing,getSubscription,cloud-only
billing,listPayments,cloud-only
billing,startSelfServeCheckout,cloud-only
billing,cancelSubscription,cloud-only
backoffice,getAccess,cloud-only
backoffice,bootstrap,cloud-only
backoffice,listOrganizations,cloud-only
backoffice,getOrganization,cloud-only
backoffice,getSupportQueue,cloud-only
backoffice,listUsers,cloud-only
backoffice,updateUserRole,cloud-only
backoffice,banUser,cloud-only
backoffice,unbanUser,cloud-only
backoffice,impersonateUser,cloud-only
backoffice,createUser,cloud-only
backoffice,provisionLab,cloud-only
backoffice,requestUserPasswordReset,cloud-only
backoffice,getUser,cloud-only
backoffice,listUserSessions,cloud-only
backoffice,revokeUserSession,cloud-only
backoffice,listUserActivity,cloud-only
backoffice,getPresence,cloud-only
backoffice,listAuditLog,cloud-only
backoffice,getIntegrationHealth,cloud-only
backoffice,getVitals,cloud-only
backoffice,listOperatorAlerts,cloud-only
backoffice,recomputeOperatorAlerts,cloud-only
backoffice,acknowledgeOperatorAlert,cloud-only
backoffice,listAccountTasks,cloud-only
backoffice,createAccountTask,cloud-only
backoffice,completeAccountTask,cloud-only
backoffice,updateOrganizationLifecycle,cloud-only
backoffice,listInteractions,cloud-only
backoffice,createInteraction,cloud-only
backoffice,manageSubscription,cloud-only
backoffice,listEntitlementOverrides,cloud-only
backoffice,grantEntitlementOverride,cloud-only
backoffice,revokeEntitlementOverride,cloud-only
backoffice,getOrganizationActivity,cloud-only
backoffice,listImportRuns,cloud-only
backoffice,parseImportFile,cloud-only
backoffice,validateImportRun,cloud-only
backoffice,listApprovals,cloud-only
backoffice,createApprovalRequest,cloud-only
backoffice,decideApproval,cloud-only
backoffice,stopImpersonation,cloud-only
sso,start,cloud-only
sso,getProviders,cloud-only
sso,createProvider,cloud-only
sso,requestDomainVerification,cloud-only
sso,verifyDomain,cloud-only
sso,deleteProvider,cloud-only
apiKeys,list,cloud-only
apiKeys,create,cloud-only
apiKeys,rotate,cloud-only
apiKeys,revoke,cloud-only
entityLabels,getNonConformance,cloud-only
entityLabels,getCapa,cloud-only
entityLabels,getCompetence,cloud-only
certificateNumbering,getProfile,cloud-only
certificateNumbering,updateProfile,cloud-only
portalDomains,get,cloud-only
portalDomains,create,cloud-only
portalDomains,verify,cloud-only
portalDomains,activate,cloud-only
portalDomains,delete,cloud-only
emailDomains,get,cloud-only
emailDomains,create,cloud-only
emailDomains,verify,cloud-only
emailDomains,activate,cloud-only
emailDomains,delete,cloud-only
notifications,getUnreadCount,cloud-only
notifications,listRecent,cloud-only
notifications,markRead,cloud-only
notifications,markAllRead,cloud-only
notifications,getPreferences,cloud-only
notifications,updatePreferences,cloud-only
signatures,getMine,cloud-only
signatures,uploadMine,cloud-only
signatures,deleteMine,cloud-only
profileMedia,uploadAvatar,cloud-only
profileMedia,deleteAvatar,cloud-only
organizationMedia,uploadLogo,cloud-only
organizationMedia,deleteLogo,cloud-only
signingCertificates,list,cloud-only
signingCertificates,upload,cloud-only
signingCertificates,setDefault,cloud-only
signingCertificates,revoke,cloud-only
signingCertificates,setPolicy,cloud-only
customers,list,local-first-read-through-sync
customers,lookupCnpj,cloud-only
customers,ootEvents,cloud-only
customers,create,local-command-sync
customers,get,local-first-read-through-sync
customers,update,local-command-sync
customers,auditLog,cloud-only
customers,updateCompliance,cloud-only
customers,listMembers,cloud-only
customers,listInvitations,cloud-only
customers,createInvitation,cloud-only
customers,resendInvitation,cloud-only
customers,cancelInvitation,cloud-only
customers,removeMember,cloud-only
customerGroups,list,cloud-only
customerGroups,get,cloud-only
customerGroups,create,cloud-only
customerGroups,addBranch,cloud-only
customerGroups,removeBranch,cloud-only
customerGroups,listMembers,cloud-only
customerGroups,listInvitations,cloud-only
customerGroups,createInvitation,cloud-only
customerGroups,resendInvitation,cloud-only
customerGroups,cancelInvitation,cloud-only
customerGroups,removeMember,cloud-only
assets,list,local-first-read-through-sync
assets,create,local-command-sync
assets,get,local-first-read-through-sync
assets,update,local-command-sync
assets,auditLog,cloud-only
assetTypes,list,local-first-read-through-sync
services,list,local-first-read-through-sync
services,get,local-first-read-through-sync
services,auditLog,cloud-only
services,create,cloud-only
services,update,cloud-only
services,deactivate,cloud-only
materials,list,cloud-only
materials,get,cloud-only
materials,create,cloud-only
materials,update,cloud-only
materials,deactivate,cloud-only
materials,adjustStock,cloud-only
methods,list,local-first-read-through-sync
methods,get,local-first-read-through-sync
methods,audit,cloud-only
methods,create,cloud-only
methods,update,cloud-only
methods,archive,cloud-only
methods,createNewVersion,cloud-only
methods,technicalReview,cloud-only
methods,qualityApprove,cloud-only
methods,returnToDraft,cloud-only
methods,compileDraft,cloud-only
methods,previewDraft,cloud-only
methods,publishDraft,cloud-only
methods,requestApproval,cloud-only
methods,listMethodTemplates,cloud-only
methods,fromTemplate,cloud-only
standards,list,local-first-read-through-sync
standards,get,local-first-read-through-sync
standards,listCompositionProfiles,local-first-read-through-sync
standards,createCompositionProfile,cloud-only
standards,updateCompositionProfile,cloud-only
standards,deleteCompositionProfile,cloud-only
standards,auditLog,cloud-only
standards,create,cloud-only
standards,update,cloud-only
standards,delete,cloud-only
standards,renew,cloud-only
standards,getImpactedCertificates,cloud-only
standards,getRecall,cloud-only
standards,sendRecall,cloud-only
standards,uploadCertificateDocument,cloud-only
standards,getCertificateDocumentDownloadUrl,cloud-only
jobs,list,local-first-read-through-sync
jobs,create,cloud-only
jobs,get,local-first-read-through-sync
jobs,listTechnicians,cloud-only
jobs,approve,cloud-only
jobs,reject,cloud-only
jobs,cancel,cloud-only
jobs,assign,cloud-only
jobs,listStandards,local-first-read-through-sync
jobs,getEffectiveEnvironmentalLimits,local-first-read-through-sync
jobs,saveExecution,local-command-sync
jobs,submitExecution,local-command-sync
jobs,createCertificateDraft,local-only
jobs,getCertificateDownloadUrl,cloud-only
jobs,generateLabel,cloud-only
jobs,getLabelDownloadUrl,cloud-only
jobs,getLabelCommands,cloud-only
jobs,amend,cloud-only
jobs,flagOutOfTolerance,cloud-only
serviceOrders,list,local-first-read-through-sync
serviceOrders,get,local-first-read-through-sync
serviceOrders,getByPublicId,local-first-read-through-sync
serviceOrders,listCommunications,cloud-only
serviceOrders,create,local-command-sync
serviceOrders,update,cloud-only
serviceOrders,createQuote,local-command-sync
serviceOrders,saveEvaluation,cloud-only
serviceOrders,sendQuote,cloud-only
serviceOrders,saveExecution,local-command-sync
serviceOrders,generateIntakeDocument,cloud-only
serviceOrders,getIntakeDocumentPdf,cloud-only
serviceOrders,generateTag,cloud-only
serviceOrders,getTagPdf,cloud-only
serviceOrders,updateRepairMark,cloud-only
serviceOrders,deliver,cloud-only
serviceOrders,issueDeliveryDocument,local-command-sync
serviceOrders,getDeliveryDocumentPdf,cloud-only
sync,getSession,local-only
sync,listConflicts,local-only
sync,resolveConflict,local-only
attachments,list,local-only
attachments,upload,local-command-sync
environmentalLimits,list,local-first-read-through-sync
environmentalLimits,save,cloud-only
environmentalLimits,delete,cloud-only
accreditedScope,list,cloud-only
accreditedScope,save,cloud-only
accreditedScope,delete,cloud-only
accreditedScope,setEnforcementMode,cloud-only
reports,getExecutiveOverview,cloud-only
reports,getComparison,cloud-only
reports,getTrend,cloud-only
publicCheckout,getSnapshot,cloud-only
publicCheckout,getStatus,cloud-only
publicCheckout,start,cloud-only
publicSignup,start,cloud-only
publicLeads,create,cloud-only
publicInvitations,get,cloud-only
publicInvitations,requestSetupLink,cloud-only
labSetup,get,cloud-only
labSetup,requestMagicLink,cloud-only
labSetup,requestOtp,cloud-only
labSetup,complete,cloud-only
nonConformances,list,cloud-only
nonConformances,summary,cloud-only
nonConformances,get,cloud-only
nonConformances,auditLog,cloud-only
nonConformances,create,local-command-sync
nonConformances,setDisposition,cloud-only
nonConformances,resolve,cloud-only
nonConformances,escalateToCapa,cloud-only
nonConformances,getOotNotification,cloud-only
nonConformances,registerOotAcknowledgement,cloud-only
nonConformances,getImpactAssessment,cloud-only
nonConformances,saveImpactAssessment,cloud-only
nonConformances,signImpactAssessment,cloud-only
capas,list,cloud-only
capas,summary,cloud-only
capas,get,cloud-only
capas,auditLog,cloud-only
capas,create,cloud-only
capas,update,cloud-only
capas,implement,cloud-only
capas,verify,cloud-only
capas,close,cloud-only
proficiencyTests,list,cloud-only
proficiencyTests,summary,cloud-only
proficiencyTests,get,cloud-only
proficiencyTests,auditLog,cloud-only
proficiencyTests,create,cloud-only
proficiencyTests,update,cloud-only
proficiencyTests,recordResults,cloud-only
proficiencyTests,remove,cloud-only
proficiencyTests,listPlan,cloud-only
proficiencyTests,createPlanItem,cloud-only
proficiencyTests,updatePlanItem,cloud-only
proficiencyTests,removePlanItem,cloud-only
spc,listCharts,cloud-only
spc,getChart,cloud-only
spc,createChart,cloud-only
spc,updateChart,cloud-only
spc,removeChart,cloud-only
spc,recalculateChart,cloud-only
spc,escalateChart,cloud-only
spc,listReadings,cloud-only
spc,createReading,cloud-only
spc,removeReading,cloud-only
competences,list,cloud-only
competences,matrix,cloud-only
competences,get,cloud-only
competences,auditLog,cloud-only
competences,create,cloud-only
competences,transition,cloud-only
competences,evaluate,cloud-only
competences,renew,cloud-only
competences,cancel,cloud-only
competences,delete,cloud-only
competences,assignTraining,cloud-only
trainingRecords,list,cloud-only
trainingRecords,create,cloud-only
customerSuccess,getProfile,cloud-only
customerSuccess,listRequests,cloud-only
customerSuccess,createRequest,cloud-only
calibrationRequests,list,cloud-only
calibrationRequests,get,cloud-only
calibrationRequests,review,cloud-only
calibrationRequests,approve,cloud-only
calibrationRequests,reject,cloud-only
calibrationRequests,convert,cloud-only
visits,list,cloud-only
visits,get,cloud-only
visits,assign,cloud-only
visits,confirm,cloud-only
visits,reschedule,cloud-only
visits,cancel,cloud-only
visits,complete,cloud-only
visits,addJob,cloud-only
visits,removeJob,cloud-only
visits,acceptRescheduleRequest,cloud-only
visits,declineRescheduleRequest,cloud-only
integrations,list,cloud-only
integrations,create,cloud-only
integrations,startContaAzulOAuth,cloud-only
integrations,validate,cloud-only
integrations,update,cloud-only
integrations,updateContaAzulConfig,cloud-only
integrations,listContaAzulCatalog,cloud-only
integrations,pollContaAzul,cloud-only
integrations,pollContaAzulFiscal,cloud-only
integrations,linkContaAzulInvoicesToMdfe,cloud-only
integrations,pollContaAzulPayables,cloud-only
integrations,pollContaAzulProtocols,cloud-only
integrations,pollContaAzulDrift,cloud-only
integrations,getContaAzulSchedule,cloud-only
integrations,refreshContaAzul,cloud-only
integrations,disconnectContaAzul,cloud-only
integrations,toggle,cloud-only
integrations,previewSync,cloud-only
integrations,sync,cloud-only
integrations,schedule,cloud-only
integrations,listRunItems,cloud-only
integrations,retryRun,cloud-only
integrations,listDrift,cloud-only
integrations,acknowledgeDrift,cloud-only
